{"cameraMode":{"drawMode":0,"name":"Shaded","section":"Shading Mode"},"sceneLighting":false,"audioPlay":false,"sceneViewState":{"showFog":true,"showMaterialUpdate":false,"showSkybox":true,"showFlares":true,"showImageEffects":true,"showParticleSystems":true},"in2DMode":false,"pivot":{"x":6.005990982055664,"y":2.262359619140625,"z":0.5150882005691528},"rotation":{"x":-0.16981300711631776,"y":0.6995468735694885,"z":-0.1769922971725464,"w":-0.6711717247962952},"size":4.041658401489258,"orthographic":false}